AMTRAKOIG.GOV,http://amtrakoig.gov
ACUS.GOV,http://acus.gov
AMTRAKOIG.GOV,http://amtrakoig.gov
ACUS.GOV,http://acus.gov
ACHP.GOV,http://achp.gov
PRESERVEAMERICA.GOV,http://preserveamerica.gov
ABMC.GOV,http://abmc.gov
NATIONALMALL.GOV,http://nationalmall.gov
ARC.GOV,http://arc.gov
ASC.GOV,http://asc.gov
GOLDWATERSCHOLARSHIP.GOV,http://goldwaterscholarship.gov
CIA.GOV,http://cia.gov
CSB.GOV,http://csb.gov
SAFETYVIDEOS.GOV,http://safetyvideos.gov
COLDCASERECORDS.GOV,http://coldcaserecords.gov
CFTC.GOV,http://cftc.gov
SMARTCHECK.GOV,http://smartcheck.gov
WHISTLEBLOWER.GOV,http://whistleblower.gov
BCFP.GOV,http://bcfp.gov
CFPA.GOV,http://cfpa.gov
CFPB.GOV,http://cfpb.gov
CONSUMERBUREAU.GOV,http://consumerbureau.gov
CONSUMERFINANCE.GOV,http://consumerfinance.gov
CONSUMERFINANCIAL.GOV,http://consumerfinancial.gov
CONSUMERFINANCIALBUREAU.GOV,http://consumerfinancialbureau.gov
CONSUMERFINANCIALPROTECTIONBUREAU.GOV,http://consumerfinancialprotectionbureau.gov
CONSUMERPROTECTION.GOV,http://consumerprotection.gov
CONSUMERPROTECTIONBUREAU.GOV,http://consumerprotectionbureau.gov
MIMM.GOV,http://mimm.gov
ANCHORIT.GOV,http://anchorit.gov
ATVSAFETY.GOV,http://atvsafety.gov
CPSC.GOV,http://cpsc.gov
DRYWALLRESPONSE.GOV,http://drywallresponse.gov
POOLSAFELY.GOV,http://poolsafely.gov
POOLSAFETY.GOV,http://poolsafety.gov
RECALLS.GOV,http://recalls.gov
SAFERPRODUCT.GOV,http://saferproduct.gov
SAFERPRODUCTS.GOV,http://saferproducts.gov
SEGURIDADCONSUMIDOR.GOV,http://seguridadconsumidor.gov
AMERICORPS.GOV,http://americorps.gov
AMERICORPSOIG.GOV,http://americorpsoig.gov
CCC.GOV,http://ccc.gov
CNCSOIG.GOV,http://cncsoig.gov
JOINAMERICORPS.GOV,http://joinamericorps.gov
MENTOR.GOV,http://mentor.gov
MLKDAY.GOV,http://mlkday.gov
NATIONALSERVICE.GOV,http://nationalservice.gov
PRESIDENTIALSERVICEAWARDS.GOV,http://presidentialserviceawards.gov
SERVE.GOV,http://serve.gov
VISTACAMPUS.GOV,http://vistacampus.gov
VOLUNTEERINGINAMERICA.GOV,http://volunteeringinamerica.gov
IGNET.GOV,http://ignet.gov
OVERSIGHT.GOV,http://oversight.gov
PANDEMICOVERSIGHT.GOV,http://pandemicoversight.gov
CSOSA.GOV,http://csosa.gov
PRETRIALSERVICES.GOV,http://pretrialservices.gov
PSA.GOV,http://psa.gov
DNFSB.GOV,http://dnfsb.gov
DRA.GOV,http://dra.gov
DENALI.GOV,http://denali.gov
2020CENSUS.GOV,http://2020census.gov
AP.GOV,http://ap.gov
AVIATIONWEATHER.GOV,http://aviationweather.gov
BEA.GOV,http://bea.gov
BIS.GOV,http://bis.gov
BUYUSA.GOV,http://buyusa.gov
CENSUS.GOV,http://census.gov
CHIPS.GOV,http://chips.gov
CLIMATE.GOV,http://climate.gov
COMMERCE.GOV,http://commerce.gov
CWC.GOV,http://cwc.gov
DATAPRIVACYFRAMEWORK.GOV,http://dataprivacyframework.gov
DNSOPS.GOV,http://dnsops.gov
DOC.GOV,http://doc.gov
DROUGHT.GOV,http://drought.gov
EDA.GOV,http://eda.gov
EDISON.GOV,http://edison.gov
EXPORT.GOV,http://export.gov
FIRSTNET.GOV,http://firstnet.gov
FISHWATCH.GOV,http://fishwatch.gov
GOES-R.GOV,http://goes-r.gov
GPS.GOV,http://gps.gov
HEAT.GOV,http://heat.gov
HURRICANES.GOV,http://hurricanes.gov
ICAMS-PORTAL.GOV,http://icams-portal.gov
INTERNET4ALL.GOV,http://internet4all.gov
INTERNETFORALL.GOV,http://internetforall.gov
LUCA-APPEALS.GOV,http://luca-appeals.gov
MANUFACTURING.GOV,http://manufacturing.gov
MARINECADASTRE.GOV,http://marinecadastre.gov
MBDA.GOV,http://mbda.gov
MGI.GOV,http://mgi.gov
MY2020CENSUS.GOV,http://my2020census.gov
NEHRP.GOV,http://nehrp.gov
NIST.GOV,http://nist.gov
NOAA.GOV,http://noaa.gov
NTIA.GOV,http://ntia.gov
PAPAHANAUMOKUAKEA.GOV,http://papahanaumokuakea.gov
PRIVACYSHIELD.GOV,http://privacyshield.gov
PSCR.GOV,http://pscr.gov
SELECTUSA.GOV,http://selectusa.gov
SEMICONDUCTORS.GOV,http://semiconductors.gov
SPACEWEATHER.GOV,http://spaceweather.gov
SPD15REVISION.GOV,http://spd15revision.gov
SPECTRUM.GOV,http://spectrum.gov
STANDARDS.GOV,http://standards.gov
STOPFAKES.GOV,http://stopfakes.gov
SWORM.GOV,http://sworm.gov
TASEFILING.GOV,http://tasefiling.gov
TECHHUBS.GOV,http://techhubs.gov
TIME.GOV,http://time.gov
TRADE.GOV,http://trade.gov
TSUNAMI.GOV,http://tsunami.gov
USICECENTER.GOV,http://usicecenter.gov
USPTO.GOV,http://uspto.gov
WEATHER.GOV,http://weather.gov
WWTG.GOV,http://wwtg.gov
XD.GOV,http://xd.gov
ADLNET.GOV,http://adlnet.gov
CAP.GOV,http://cap.gov
CAPNHQ.GOV,http://capnhq.gov
CMTS.GOV,http://cmts.gov
CNSS.GOV,http://cnss.gov
CTTSO.GOV,http://cttso.gov
DEFENSE.GOV,http://defense.gov
FEHRM.GOV,http://fehrm.gov
FVAP.GOV,http://fvap.gov
HIVE.GOV,http://hive.gov
IAD.GOV,http://iad.gov
IOSS.GOV,http://ioss.gov
IWTSD.GOV,http://iwtsd.gov
NATIONALRESOURCEDIRECTORY.GOV,http://nationalresourcedirectory.gov
NBIB.GOV,http://nbib.gov
NRD.GOV,http://nrd.gov
NSA.GOV,http://nsa.gov
NSEP.GOV,http://nsep.gov
OEA.GOV,http://oea.gov
OLDCC.GOV,http://oldcc.gov
ONEAFTAC.GOV,http://oneaftac.gov
TAK.GOV,http://tak.gov
TSWG.GOV,http://tswg.gov
BUDGETLOB.GOV,http://budgetlob.gov
CHILDSTATS.GOV,http://childstats.gov
COLLEGENAVIGATOR.GOV,http://collegenavigator.gov
ED.GOV,http://ed.gov
FAFSA.GOV,http://fafsa.gov
G5.GOV,http://g5.gov
NAGB.GOV,http://nagb.gov
NATIONSREPORTCARD.GOV,http://nationsreportcard.gov
STUDENTAID.GOV,http://studentaid.gov
STUDENTLOANS.GOV,http://studentloans.gov
ARM.GOV,http://arm.gov
BIOMASSBOARD.GOV,http://biomassboard.gov
BNL.GOV,http://bnl.gov
BPA.GOV,http://bpa.gov
CASL.GOV,http://casl.gov
CENDI.GOV,http://cendi.gov
DOE.GOV,http://doe.gov
DRIVEELECTRIC.GOV,http://driveelectric.gov
ENERGY.GOV,http://energy.gov
ENERGYCODES.GOV,http://energycodes.gov
ENERGYCOMMUNITIES.GOV,http://energycommunities.gov
ENERGYSAVERS.GOV,http://energysavers.gov
FNAL.GOV,http://fnal.gov
FUELECONOMY.GOV,http://fueleconomy.gov
HANFORD.GOV,http://hanford.gov
HOMEENERGYSCORE.GOV,http://homeenergyscore.gov
HYDROGEN.GOV,http://hydrogen.gov
INL.GOV,http://inl.gov
ISOTOPE.GOV,http://isotope.gov
ISOTOPES.GOV,http://isotopes.gov
LANL.GOV,http://lanl.gov
LBL.GOV,http://lbl.gov
LLNL.GOV,http://llnl.gov
NCCS.GOV,http://nccs.gov
NCRC.GOV,http://ncrc.gov
NERSC.GOV,http://nersc.gov
NEUP.GOV,http://neup.gov
NNSS.GOV,http://nnss.gov
NREL.GOV,http://nrel.gov
NUCLEAR.GOV,http://nuclear.gov
ORAU.GOV,http://orau.gov
ORNL.GOV,http://ornl.gov
OSTI.GOV,http://osti.gov
PCAST.GOV,http://pcast.gov
PNL.GOV,http://pnl.gov
PNNL.GOV,http://pnnl.gov
PPPO.GOV,http://pppo.gov
RIDEELECTRIC.GOV,http://rideelectric.gov
SANDIA.GOV,http://sandia.gov
SCIDAC.GOV,http://scidac.gov
SCIENCE.GOV,http://science.gov
SMARTGRID.GOV,http://smartgrid.gov
SNS.GOV,http://sns.gov
SRNL.GOV,http://srnl.gov
988.GOV,http://988.gov
ACL.GOV,http://acl.gov
AGING.GOV,http://aging.gov
AGINGSTATS.GOV,http://agingstats.gov
AHCPR.GOV,http://ahcpr.gov
AHRQ.GOV,http://ahrq.gov
AIDS.GOV,http://aids.gov
ALZHEIMERS.GOV,http://alzheimers.gov
AOA.GOV,http://aoa.gov
ARPA-H.GOV,http://arpa-h.gov
ARPAH.GOV,http://arpah.gov
ASPR.GOV,http://aspr.gov
BETOBACCOFREE.GOV,http://betobaccofree.gov
BIRTHCONTROL.GOV,http://birthcontrol.gov
BRAIN.GOV,http://brain.gov
BRAINHEALTH.GOV,http://brainhealth.gov
CANCER.GOV,http://cancer.gov
CDC.GOV,http://cdc.gov
CDCPARTNERS.GOV,http://cdcpartners.gov
CEREBROSANO.GOV,http://cerebrosano.gov
CHILDCARE.GOV,http://childcare.gov
CHILDWELFARE.GOV,http://childwelfare.gov
CLINICALTRIALS.GOV,http://clinicaltrials.gov
CMS.GOV,http://cms.gov
COLLEGEDRINKINGPREVENTION.GOV,http://collegedrinkingprevention.gov
CORONAVIRUS.GOV,http://coronavirus.gov
COVID.GOV,http://covid.gov
COVIDTEST.GOV,http://covidtest.gov
COVIDTESTS.GOV,http://covidtests.gov
CUIDADODESALUD.GOV,http://cuidadodesalud.gov
DHHS.GOV,http://dhhs.gov
DIABETESCOMMITTEE.GOV,http://diabetescommittee.gov
DOCLINE.GOV,http://docline.gov
DONACIONDEORGANOS.GOV,http://donaciondeorganos.gov
DRUGABUSE.GOV,http://drugabuse.gov
ELDERCARE.GOV,http://eldercare.gov
ENCUENTRAAPOYO.GOV,http://encuentraapoyo.gov
EVERYTRYCOUNTS.GOV,http://everytrycounts.gov
FAMILYPLANNING.GOV,http://familyplanning.gov
FATHERHOOD.GOV,http://fatherhood.gov
FDA.GOV,http://fda.gov
FINDSUPPORT.GOV,http://findsupport.gov
FINDTREATMENT.GOV,http://findtreatment.gov
FITNESS.GOV,http://fitness.gov
FLU.GOV,http://flu.gov
FOODSAFETY.GOV,http://foodsafety.gov
FRESHEMPIRE.GOV,http://freshempire.gov
GENOME.GOV,http://genome.gov
GIRLSHEALTH.GOV,http://girlshealth.gov
GLOBALHEALTH.GOV,http://globalhealth.gov
GMTA.GOV,http://gmta.gov
GRANTS.GOV,http://grants.gov
GRANTSOLUTIONS.GOV,http://grantsolutions.gov
GUIDELINE.GOV,http://guideline.gov
GUIDELINES.GOV,http://guidelines.gov
HC.GOV,http://hc.gov
HEALTH.GOV,http://health.gov
HEALTHCARE.GOV,http://healthcare.gov
HEALTHDATA.GOV,http://healthdata.gov
HEALTHFINDER.GOV,http://healthfinder.gov
HEALTHIT.GOV,http://healthit.gov
HEALTHYPEOPLE.GOV,http://healthypeople.gov
HEARTTRUTH.GOV,http://hearttruth.gov
HHS.GOV,http://hhs.gov
HIV.GOV,http://hiv.gov
HRSA.GOV,http://hrsa.gov
IDEALAB.GOV,http://idealab.gov
IHS.GOV,http://ihs.gov
INSUREKIDSNOW.GOV,http://insurekidsnow.gov
LONGTERMCARE.GOV,http://longtermcare.gov
MEDICAID.GOV,http://medicaid.gov
MEDICALBILLRIGHTS.GOV,http://medicalbillrights.gov
MEDICALCOUNTERMEASURES.GOV,http://medicalcountermeasures.gov
MEDICARE.GOV,http://medicare.gov
MEDLINEPLUS.GOV,http://medlineplus.gov
MENTALHEALTH.GOV,http://mentalhealth.gov
MESH.GOV,http://mesh.gov
MYMEDICARE.GOV,http://mymedicare.gov
NCIFCRF.GOV,http://ncifcrf.gov
NEXTLEGENDS.GOV,http://nextlegends.gov
NLM.GOV,http://nlm.gov
NNLM.GOV,http://nnlm.gov
OPIOIDS.GOV,http://opioids.gov
ORGANDONOR.GOV,http://organdonor.gov
PANDEMICFLU.GOV,http://pandemicflu.gov
PHE.GOV,http://phe.gov
PSC.GOV,http://psc.gov
PUBMED.GOV,http://pubmed.gov
RECOVERYMONTH.GOV,http://recoverymonth.gov
REPRODUCTIVEHEALTHSERVICES.GOV,http://reproductivehealthservices.gov
SAMHSA.GOV,http://samhsa.gov
SELECTAGENTS.GOV,http://selectagents.gov
SIMPLEREPORT.GOV,http://simplereport.gov
SMOKEFREE.GOV,http://smokefree.gov
STOPALCOHOLABUSE.GOV,http://stopalcoholabuse.gov
STOPBULLYING.GOV,http://stopbullying.gov
SURGEONGENERAL.GOV,http://surgeongeneral.gov
THEBRAININITIATIVE.GOV,http://thebraininitiative.gov
THEREALCOST.GOV,http://therealcost.gov
THISFREELIFE.GOV,http://thisfreelife.gov
TOBACCO.GOV,http://tobacco.gov
TOX21.GOV,http://tox21.gov
VACCINE.GOV,http://vaccine.gov
VACCINES.GOV,http://vaccines.gov
VACINE.GOV,http://vacine.gov
VACINES.GOV,http://vacines.gov
VACUNA.GOV,http://vacuna.gov
VACUNAS.GOV,http://vacunas.gov
VISFORVACCINATED.GOV,http://visforvaccinated.gov
WHITEHOUSECONFERENCEONAGING.GOV,http://whitehouseconferenceonaging.gov
WOMENSHEALTH.GOV,http://womenshealth.gov
YOUTH.GOV,http://youth.gov
BIOMETRICS.GOV,http://biometrics.gov
CBP.GOV,http://cbp.gov
CISA.GOV,http://cisa.gov
CYBER.GOV,http://cyber.gov
CYBERSECURITY.GOV,http://cybersecurity.gov
DHS.GOV,http://dhs.gov
DISASTERASSISTANCE.GOV,http://disasterassistance.gov
DOTGOV.GOV,http://dotgov.gov
E-VERIFY.GOV,http://e-verify.gov
EVERIFY.GOV,http://everify.gov
EVUS.GOV,http://evus.gov
FEMA.GOV,http://fema.gov
FIRSTRESPONDERTRAINING.GOV,http://firstrespondertraining.gov
FLETA.GOV,http://fleta.gov
FLETC.GOV,http://fletc.gov
FLOODSMART.GOV,http://floodsmart.gov
GET.GOV,http://get.gov
GLOBALENTRY.GOV,http://globalentry.gov
HOMELANDSECURITY.GOV,http://homelandsecurity.gov
ICE.GOV,http://ice.gov
JUNTOS.GOV,http://juntos.gov
LISTO.GOV,http://listo.gov
NIC.GOV,http://nic.gov
NIEM.GOV,http://niem.gov
POWER2PREVENT.GOV,http://power2prevent.gov
PREVENTIONRESOURCEFINDER.GOV,http://preventionresourcefinder.gov
READY.GOV,http://ready.gov
READYBUSINESS.GOV,http://readybusiness.gov
SCHOOLSAFETY.GOV,http://schoolsafety.gov
SECRETSERVICE.GOV,http://secretservice.gov
STOPRANSOMWARE.GOV,http://stopransomware.gov
TOGETHER.GOV,http://together.gov
TSA.GOV,http://tsa.gov
US-CERT.GOV,http://us-cert.gov
USCIS.GOV,http://uscis.gov
USSS.GOV,http://usss.gov
DISASTERHOUSING.GOV,http://disasterhousing.gov
FHA.GOV,http://fha.gov
GINNIEMAE.GOV,http://ginniemae.gov
HUD.GOV,http://hud.gov
HUDHOMESTORE.GOV,http://hudhomestore.gov
HUDOIG.GOV,http://hudoig.gov
HUDUSER.GOV,http://huduser.gov
NATIONALHOUSING.GOV,http://nationalhousing.gov
NATIONALHOUSINGLOCATOR.GOV,http://nationalhousinglocator.gov
NHL.GOV,http://nhl.gov
NLS.GOV,http://nls.gov
OPPORTUNITYZONES.GOV,http://opportunityzones.gov
ADA.GOV,http://ada.gov
AMBERALERT.GOV,http://amberalert.gov
ATF.GOV,http://atf.gov
ATFONLINE.GOV,http://atfonline.gov
BATS.GOV,http://bats.gov
BIOMETRICCOE.GOV,http://biometriccoe.gov
BJA.GOV,http://bja.gov
BJS.GOV,http://bjs.gov
CAMPUSDRUGPREVENTION.GOV,http://campusdrugprevention.gov
CJIS.GOV,http://cjis.gov
CRIMESOLUTIONS.GOV,http://crimesolutions.gov
CRIMEVICTIMS.GOV,http://crimevictims.gov
CYBERCRIME.GOV,http://cybercrime.gov
DEA.GOV,http://dea.gov
DEAECOM.GOV,http://deaecom.gov
DSAC.GOV,http://dsac.gov
ELDERJUSTICE.GOV,http://elderjustice.gov
EPIC.GOV,http://epic.gov
FARA.GOV,http://fara.gov
FBI.GOV,http://fbi.gov
FBIHR.GOV,http://fbihr.gov
FBIJOBS.GOV,http://fbijobs.gov
FBILAB.GOV,http://fbilab.gov
FIRSTFREEDOM.GOV,http://firstfreedom.gov
FORFEITURE.GOV,http://forfeiture.gov
GETSMARTABOUTDRUGS.GOV,http://getsmartaboutdrugs.gov
IC3.GOV,http://ic3.gov
INTERPOL.GOV,http://interpol.gov
IPRCENTER.GOV,http://iprcenter.gov
JCODE.GOV,http://jcode.gov
JUSTICE.GOV,http://justice.gov
JUSTTHINKTWICE.GOV,http://justthinktwice.gov
JUVENILECOUNCIL.GOV,http://juvenilecouncil.gov
LEARNATF.GOV,http://learnatf.gov
LEARNDOJ.GOV,http://learndoj.gov
LEO.GOV,http://leo.gov
LEP.GOV,http://lep.gov
MALWAREINVESTIGATOR.GOV,http://malwareinvestigator.gov
MEDALOFVALOR.GOV,http://medalofvalor.gov
NAMUS.GOV,http://namus.gov
NATIONALGANGCENTER.GOV,http://nationalgangcenter.gov
NCIRC.GOV,http://ncirc.gov
NCJRS.GOV,http://ncjrs.gov
NICIC.GOV,http://nicic.gov
NICSEZCHECKFBI.GOV,http://nicsezcheckfbi.gov
NIJ.GOV,http://nij.gov
NMVTIS.GOV,http://nmvtis.gov
NSOPR.GOV,http://nsopr.gov
NSOPW.GOV,http://nsopw.gov
NVTC.GOV,http://nvtc.gov
OJJDP.GOV,http://ojjdp.gov
OJP.GOV,http://ojp.gov
OVC.GOV,http://ovc.gov
OVCTTAC.GOV,http://ovcttac.gov
PROJECTSAFECHILDHOOD.GOV,http://projectsafechildhood.gov
PROJECTSAFENEIGHBORHOODS.GOV,http://projectsafeneighborhoods.gov
PSOB.GOV,http://psob.gov
RCFL.GOV,http://rcfl.gov
REENTRY.GOV,http://reentry.gov
SCRA.GOV,http://scra.gov
SEIZED.GOV,http://seized.gov
SERVICEMEMBERS.GOV,http://servicemembers.gov
SMART.GOV,http://smart.gov
TRIBALJUSTICEANDSAFETY.GOV,http://tribaljusticeandsafety.gov
TSC.GOV,http://tsc.gov
UCRDATATOOL.GOV,http://ucrdatatool.gov
UNICOR.GOV,http://unicor.gov
USDOJ.GOV,http://usdoj.gov
USERRA.GOV,http://userra.gov
USMARSHALS.GOV,http://usmarshals.gov
VCF.GOV,http://vcf.gov
VEHICLEHISTORY.GOV,http://vehiclehistory.gov
APPRENTICESHIP.GOV,http://apprenticeship.gov
APPRENTICESHIPS.GOV,http://apprenticeships.gov
BENEFITS.GOV,http://benefits.gov
BLS.GOV,http://bls.gov
DISABILITY.GOV,http://disability.gov
DOL.GOV,http://dol.gov
DOLETA.GOV,http://doleta.gov
EMPLOYER.GOV,http://employer.gov
GOODJOBS.GOV,http://goodjobs.gov
GOVLOANS.GOV,http://govloans.gov
HIREVETS.GOV,http://hirevets.gov
JOBCORPS.GOV,http://jobcorps.gov
MIGRANTWORKER.GOV,http://migrantworker.gov
MSHA.GOV,http://msha.gov
MSHASTANDDOWN.GOV,http://mshastanddown.gov
OSHA.GOV,http://osha.gov
PERSUADER-REPORTS.GOV,http://persuader-reports.gov
TRABAJADORMIGRANTE.GOV,http://trabajadormigrante.gov
TRAININGPROVIDERRESULTS.GOV,http://trainingproviderresults.gov
UI.GOV,http://ui.gov
UNEMPLOYMENT.GOV,http://unemployment.gov
UNIONREPORTS.GOV,http://unionreports.gov
VETERANS.GOV,http://veterans.gov
WHISTLEBLOWERS.GOV,http://whistleblowers.gov
WORKCENTER.GOV,http://workcenter.gov
WORKER.GOV,http://worker.gov
WRP.GOV,http://wrp.gov
YOUTHRULES.GOV,http://youthrules.gov
AMERICA.GOV,http://america.gov
DEVTESTFAN1.GOV,http://devtestfan1.gov
FAN.GOV,http://fan.gov
IBWC.GOV,http://ibwc.gov
OSAC.GOV,http://osac.gov
PEPFAR.GOV,http://pepfar.gov
PREPRODFAN.GOV,http://preprodfan.gov
SECURITYTESTFAN.GOV,http://securitytestfan.gov
STATE.GOV,http://state.gov
STATEOIG.GOV,http://stateoig.gov
SUPPORTFAN.GOV,http://supportfan.gov
USASEANCONNECT.GOV,http://usaseanconnect.gov
USCONSULATE.GOV,http://usconsulate.gov
USDOSCLOUD.GOV,http://usdoscloud.gov
USEMBASSY.GOV,http://usembassy.gov
USMISSION.GOV,http://usmission.gov
911.GOV,http://911.gov
DISTRACTEDDRIVING.GOV,http://distracteddriving.gov
DISTRACTION.GOV,http://distraction.gov
DOT.GOV,http://dot.gov
EMS.GOV,http://ems.gov
FLIGHTRIGHTS.GOV,http://flightrights.gov
FLYHEALTHY.GOV,http://flyhealthy.gov
NHTSA.GOV,http://nhtsa.gov
SAFECAR.GOV,http://safecar.gov
SAFEOCS.GOV,http://safeocs.gov
SAFERCAR.GOV,http://safercar.gov
SAFERTRUCK.GOV,http://safertruck.gov
TRAFFICSAFETYMARKETING.GOV,http://trafficsafetymarketing.gov
TRANSPORTATION.GOV,http://transportation.gov
EHR.GOV,http://ehr.gov
REACH.GOV,http://reach.gov
VA.GOV,http://va.gov
VAOIG.GOV,http://vaoig.gov
VETS.GOV,http://vets.gov
ACWI.GOV,http://acwi.gov
ANSTASKFORCE.GOV,http://anstaskforce.gov
BIA.GOV,http://bia.gov
BLM.GOV,http://blm.gov
BOEM.GOV,http://boem.gov
BSEE.GOV,http://bsee.gov
BTFA.GOV,http://btfa.gov
CONSERVATION.GOV,http://conservation.gov
CORALREEF.GOV,http://coralreef.gov
CRITICALMINERALS.GOV,http://criticalminerals.gov
CUPCAO.GOV,http://cupcao.gov
DOI.GOV,http://doi.gov
DOIOIG.GOV,http://doioig.gov
EARTHQUAKE.GOV,http://earthquake.gov
EVERGLADESRESTORATION.GOV,http://evergladesrestoration.gov
EVERYKIDOUTDOORS.GOV,http://everykidoutdoors.gov
FGDC.GOV,http://fgdc.gov
FIRELEADERSHIP.GOV,http://fireleadership.gov
FIRENET.GOV,http://firenet.gov
FWS.GOV,http://fws.gov
GCMRC.GOV,http://gcmrc.gov
GEOPLATFORM.GOV,http://geoplatform.gov
INDIANAFFAIRS.GOV,http://indianaffairs.gov
INTERIOR.GOV,http://interior.gov
INVASIVESPECIES.GOV,http://invasivespecies.gov
JEM.GOV,http://jem.gov
LACOAST.GOV,http://lacoast.gov
LANDFIRE.GOV,http://landfire.gov
LCA.GOV,http://lca.gov
LCRMSCP.GOV,http://lcrmscp.gov
LMVSCI.GOV,http://lmvsci.gov
MITIGATIONCOMMISSION.GOV,http://mitigationcommission.gov
MRLC.GOV,http://mrlc.gov
MTBS.GOV,http://mtbs.gov
NATIONALMAP.GOV,http://nationalmap.gov
NEMI.GOV,http://nemi.gov
NFPORS.GOV,http://nfpors.gov
NIFC.GOV,http://nifc.gov
NPS.GOV,http://nps.gov
ONHIR.GOV,http://onhir.gov
ONRR.GOV,http://onrr.gov
OSMRE.GOV,http://osmre.gov
PIEDRASBLANCAS.GOV,http://piedrasblancas.gov
REPORTBAND.GOV,http://reportband.gov
RIVERS.GOV,http://rivers.gov
SAFECOM.GOV,http://safecom.gov
SALMONRECOVERY.GOV,http://salmonrecovery.gov
SCIENCEBASE.GOV,http://sciencebase.gov
SIERRAWILD.GOV,http://sierrawild.gov
USBR.GOV,http://usbr.gov
USGS.GOV,http://usgs.gov
UTAHFIREINFO.GOV,http://utahfireinfo.gov
VOLCANO.GOV,http://volcano.gov
VOLUNTEER.GOV,http://volunteer.gov
WATERMONITOR.GOV,http://watermonitor.gov
WLCI.GOV,http://wlci.gov
AMERICATHEBEAUTIFULQUARTERS.GOV,http://americathebeautifulquarters.gov
ASAP.GOV,http://asap.gov
AYUDACONMIBANCO.GOV,http://ayudaconmibanco.gov
BANKANSWERS.GOV,http://bankanswers.gov
BANKCUSTOMER.GOV,http://bankcustomer.gov
BANKCUSTOMERASSISTANCE.GOV,http://bankcustomerassistance.gov
BANKHELP.GOV,http://bankhelp.gov
BANKNET.GOV,http://banknet.gov
BEP.GOV,http://bep.gov
BFEM.GOV,http://bfem.gov
BONDPRO.GOV,http://bondpro.gov
CCAC.GOV,http://ccac.gov
CDFIFUND.GOV,http://cdfifund.gov
COMPTROLLEROFTHECURRENCY.GOV,http://comptrollerofthecurrency.gov
DIRECTOASUCUENTA.GOV,http://directoasucuenta.gov
EAGLECASH.GOV,http://eaglecash.gov
EFTPS.GOV,http://eftps.gov
ETA-FIND.GOV,http://eta-find.gov
EYENOTE.GOV,http://eyenote.gov
FEDERALINVESTMENTS.GOV,http://federalinvestments.gov
FEDINVEST.GOV,http://fedinvest.gov
FFB.GOV,http://ffb.gov
FINANCIALRESEARCH.GOV,http://financialresearch.gov
FINANCIALSTABILITY.GOV,http://financialstability.gov
FSOC.GOV,http://fsoc.gov
GODIRECT.GOV,http://godirect.gov
HELPWITHMYBANK.GOV,http://helpwithmybank.gov
HELPWITHMYCHECKINGACCOUNT.GOV,http://helpwithmycheckingaccount.gov
HELPWITHMYCREDITCARD.GOV,http://helpwithmycreditcard.gov
HELPWITHMYCREDITCARDBANK.GOV,http://helpwithmycreditcardbank.gov
HELPWITHMYMORTGAGE.GOV,http://helpwithmymortgage.gov
HELPWITHMYMORTGAGEBANK.GOV,http://helpwithmymortgagebank.gov
IPP.GOV,http://ipp.gov
IRS.GOV,http://irs.gov
IRSAUCTIONS.GOV,http://irsauctions.gov
IRSSALES.GOV,http://irssales.gov
IRSVIDEOS.GOV,http://irsvideos.gov
ITS.GOV,http://its.gov
MAKINGHOMEAFFORDABLE.GOV,http://makinghomeaffordable.gov
MHA.GOV,http://mha.gov
MONEYFACTORY.GOV,http://moneyfactory.gov
MONEYFACTORYSTORE.GOV,http://moneyfactorystore.gov
MYIRA.GOV,http://myira.gov
MYMONEY.GOV,http://mymoney.gov
MYRA.GOV,http://myra.gov
MYTREASURY.GOV,http://mytreasury.gov
NATIONALBANK.GOV,http://nationalbank.gov
NATIONALBANKHELP.GOV,http://nationalbankhelp.gov
NATIONALBANKNET.GOV,http://nationalbanknet.gov
NAVYCASH.GOV,http://navycash.gov
OCC.GOV,http://occ.gov
OCCHELPS.GOV,http://occhelps.gov
OTS.GOV,http://ots.gov
PAY.GOV,http://pay.gov
QATESTTWAI.GOV,http://qatesttwai.gov
SAVINGSBOND.GOV,http://savingsbond.gov
SAVINGSBONDS.GOV,http://savingsbonds.gov
SAVINGSBONDWIZARD.GOV,http://savingsbondwizard.gov
SIGPR.GOV,http://sigpr.gov
SIGTARP.GOV,http://sigtarp.gov
SLGS.GOV,http://slgs.gov
TAAPS.GOV,http://taaps.gov
TAX.GOV,http://tax.gov
TIGTA.GOV,http://tigta.gov
TRANSPARENCY.GOV,http://transparency.gov
TREAS.GOV,http://treas.gov
TREASLOCKBOX.GOV,http://treaslockbox.gov
TREASURY.GOV,http://treasury.gov
TREASURYAUCTIONS.GOV,http://treasuryauctions.gov
TREASURYDIRECT.GOV,http://treasurydirect.gov
TREASURYHUNT.GOV,http://treasuryhunt.gov
TREASURYSCAMS.GOV,http://treasuryscams.gov
TTBONLINE.GOV,http://ttbonline.gov
TTLPLUS.GOV,http://ttlplus.gov
USASPENDING.GOV,http://usaspending.gov
USDEBITCARD.GOV,http://usdebitcard.gov
USMINT.GOV,http://usmint.gov
USTREAS.GOV,http://ustreas.gov
WIZARD.GOV,http://wizard.gov
DNI.GOV,http://dni.gov
FAMEP.GOV,http://famep.gov
IARPA-IDEAS.GOV,http://iarpa-ideas.gov
IARPA.GOV,http://iarpa.gov
ICJOINTDUTY.GOV,http://icjointduty.gov
INTEL.GOV,http://intel.gov
INTELLIGENCE.GOV,http://intelligence.gov
ISE.GOV,http://ise.gov
NCSC.GOV,http://ncsc.gov
NCTC.GOV,http://nctc.gov
ODNI.GOV,http://odni.gov
EAC.GOV,http://eac.gov
HELPAMERICAVOTE.GOV,http://helpamericavote.gov
VOTEBYMAIL.GOV,http://votebymail.gov
AIRKNOWLEDGE.GOV,http://airknowledge.gov
AIRNOW.GOV,http://airnow.gov
CBI-EPA.GOV,http://cbi-epa.gov
ENERGYSTAR.GOV,http://energystar.gov
EPA.GOV,http://epa.gov
EPAOIG.GOV,http://epaoig.gov
FEDCENTER.GOV,http://fedcenter.gov
FOIAONLINE.GOV,http://foiaonline.gov
FRTR.GOV,http://frtr.gov
GLNPO.GOV,http://glnpo.gov
GREENGOV.GOV,http://greengov.gov
RELOCATEFEDS.GOV,http://relocatefeds.gov
SUSTAINABILITY.GOV,http://sustainability.gov
URBANWATERS.GOV,http://urbanwaters.gov
EEOC.GOV,http://eeoc.gov
AI.GOV,http://ai.gov
BUDGET.GOV,http://budget.gov
BUILD.GOV,http://build.gov
BUILDBACKBETTER.GOV,http://buildbackbetter.gov
CHILDTAXCREDIT.GOV,http://childtaxcredit.gov
CLEANENERGY.GOV,http://cleanenergy.gov
CRISISNEXTDOOR.GOV,http://crisisnextdoor.gov
EARMARKS.GOV,http://earmarks.gov
EJ.GOV,http://ej.gov
ENVIRONMENTALJUSTICE.GOV,http://environmentaljustice.gov
EOP.GOV,http://eop.gov
INVERTIR.GOV,http://invertir.gov
INVEST.GOV,http://invest.gov
INVESTINAMERICA.GOV,http://investinamerica.gov
INVESTINGINAMERICA.GOV,http://investinginamerica.gov
MAX.GOV,http://max.gov
NANO.GOV,http://nano.gov
NEPA.GOV,http://nepa.gov
OMB.GOV,http://omb.gov
ONDCP.GOV,http://ondcp.gov
OSTP.GOV,http://ostp.gov
PITCTESTDOMAIN.GOV,http://pitctestdomain.gov
PSLF.GOV,http://pslf.gov
PUBLICSERVICELOANFORGIVENESS.GOV,http://publicserviceloanforgiveness.gov
QUANTUM.GOV,http://quantum.gov
REPROACCESS.GOV,http://reproaccess.gov
REPRODUCTIVEACCESS.GOV,http://reproductiveaccess.gov
REPRODUCTIVERIGHTS.GOV,http://reproductiverights.gov
REPRORIGHTS.GOV,http://reprorights.gov
UNITEDWESTAND.GOV,http://unitedwestand.gov
USDIGITALSERVICE.GOV,http://usdigitalservice.gov
USDS.GOV,http://usds.gov
USTR.GOV,http://ustr.gov
WH.GOV,http://wh.gov
WHITEHOUSE.GOV,http://whitehouse.gov
WHITEHOUSEDRUGPOLICY.GOV,http://whitehousedrugpolicy.gov
EXIM.GOV,http://exim.gov
FCA.GOV,http://fca.gov
FCSIC.GOV,http://fcsic.gov
ACCEDEAINTERNET.GOV,http://accedeainternet.gov
ACPBENEFIT.GOV,http://acpbenefit.gov
AFFORDABLECONNECTIVITY.GOV,http://affordableconnectivity.gov
BROADBANDMAP.GOV,http://broadbandmap.gov
FCC.GOV,http://fcc.gov
GETINTERNET.GOV,http://getinternet.gov
FDIC.GOV,http://fdic.gov
FDICIG.GOV,http://fdicig.gov
FDICOIG.GOV,http://fdicoig.gov
FDICSEGURO.GOV,http://fdicseguro.gov
MYFDIC.GOV,http://myfdic.gov
FEC.GOV,http://fec.gov
FERC.GOV,http://ferc.gov
FHFA.GOV,http://fhfa.gov
FHFAOIG.GOV,http://fhfaoig.gov
MORTGAGETRANSLATIONS.GOV,http://mortgagetranslations.gov
FLRA.GOV,http://flra.gov
FMC.GOV,http://fmc.gov
ADR.GOV,http://adr.gov
FMCS.GOV,http://fmcs.gov
FMSHRC.GOV,http://fmshrc.gov
FPISC.GOV,http://fpisc.gov
PERMITTING.GOV,http://permitting.gov
BILLETES.GOV,http://billetes.gov
FBIIC.GOV,http://fbiic.gov
FEDERALRESERVE.GOV,http://federalreserve.gov
FEDERALRESERVECONSUMERHELP.GOV,http://federalreserveconsumerhelp.gov
FEDPARTNERSHIP.GOV,http://fedpartnership.gov
FEDRES.GOV,http://fedres.gov
FFIEC.GOV,http://ffiec.gov
USCURRENCY.GOV,http://uscurrency.gov
EXPLORETSP.GOV,http://exploretsp.gov
FRTIB.GOV,http://frtib.gov
TSP.GOV,http://tsp.gov
ALERTAENLINEA.GOV,http://alertaenlinea.gov
CONSUMER.GOV,http://consumer.gov
CONSUMERSENTINEL.GOV,http://consumersentinel.gov
CONSUMIDOR.GOV,http://consumidor.gov
DONOTCALL.GOV,http://donotcall.gov
DONTSERVETEENS.GOV,http://dontserveteens.gov
ECONSUMER.GOV,http://econsumer.gov
FTC.GOV,http://ftc.gov
HSR.GOV,http://hsr.gov
IDENTITYTHEFT.GOV,http://identitytheft.gov
IDTHEFT.GOV,http://idtheft.gov
MILITARYCONSUMER.GOV,http://militaryconsumer.gov
ONGUARDONLINE.GOV,http://onguardonline.gov
PROTECCIONDELCONSUMIDOR.GOV,http://protecciondelconsumidor.gov
ROBODEIDENTIDAD.GOV,http://robodeidentidad.gov
SENTINEL.GOV,http://sentinel.gov
18F.GOV,http://18f.gov
400YAAHC.GOV,http://400yaahc.gov
ACCESSIBILITY.GOV,http://accessibility.gov
ACQUISITION.GOV,http://acquisition.gov
ACQUISITIONGATEWAY.GOV,http://acquisitiongateway.gov
AFADVANTAGE.GOV,http://afadvantage.gov
BUSINESSUSA.GOV,http://businessusa.gov
BUYACCESSIBLE.GOV,http://buyaccessible.gov
BUYAMERICAN.GOV,http://buyamerican.gov
CAO.GOV,http://cao.gov
CBCA.GOV,http://cbca.gov
CDO.GOV,http://cdo.gov
CFO.GOV,http://cfo.gov
CHALLENGE.GOV,http://challenge.gov
CIO.GOV,http://cio.gov
CITIZENSCIENCE.GOV,http://citizenscience.gov
CLOUD.GOV,http://cloud.gov
CODE.GOV,http://code.gov
COMPUTERSFORLEARNING.GOV,http://computersforlearning.gov
CONSUMERACTION.GOV,http://consumeraction.gov
CONTRACTDIRECTORY.GOV,http://contractdirectory.gov
CPARS.GOV,http://cpars.gov
CSUSOP.GOV,http://csusop.gov
DATA.GOV,http://data.gov
DIGITAL.GOV,http://digital.gov
DIGITALDASHBOARD.GOV,http://digitaldashboard.gov
DIGITALGOV.GOV,http://digitalgov.gov
ECPIC.GOV,http://ecpic.gov
ESRS.GOV,http://esrs.gov
EVALUATION.GOV,http://evaluation.gov
FAC.GOV,http://fac.gov
FACA.GOV,http://faca.gov
FACADATABASE.GOV,http://facadatabase.gov
FAI.GOV,http://fai.gov
FAPIIS.GOV,http://fapiis.gov
FBF.GOV,http://fbf.gov
FBO.GOV,http://fbo.gov
FCSM.GOV,http://fcsm.gov
FDMS.GOV,http://fdms.gov
FEDIDCARD.GOV,http://fedidcard.gov
FEDRAMP.GOV,http://fedramp.gov
FEDROOMS.GOV,http://fedrooms.gov
FIRSTGOV.GOV,http://firstgov.gov
FLEET.GOV,http://fleet.gov
FMI.GOV,http://fmi.gov
FORMS.GOV,http://forms.gov
FPC.GOV,http://fpc.gov
FPDS.GOV,http://fpds.gov
FRPG.GOV,http://frpg.gov
FSD.GOV,http://fsd.gov
FSRS.GOV,http://fsrs.gov
GOBIERNOUSA.GOV,http://gobiernousa.gov
GSA.GOV,http://gsa.gov
GSAADVANTAGE.GOV,http://gsaadvantage.gov
GSAAUCTIONS.GOV,http://gsaauctions.gov
GSAFLEET.GOV,http://gsafleet.gov
GSAIG.GOV,http://gsaig.gov
GSATEST2.GOV,http://gsatest2.gov
GSAXCESS.GOV,http://gsaxcess.gov
IDENTITYSANDBOX.GOV,http://identitysandbox.gov
IDMANAGEMENT.GOV,http://idmanagement.gov
INFO.GOV,http://info.gov
INNOVATION.GOV,http://innovation.gov
ITDASHBOARD.GOV,http://itdashboard.gov
KIDS.GOV,http://kids.gov
LOGIN.GOV,http://login.gov
MADEINAMERICA.GOV,http://madeinamerica.gov
NOTIFY.GOV,http://notify.gov
PAYMENTACCURACY.GOV,http://paymentaccuracy.gov
PCSCOTUS.GOV,http://pcscotus.gov
PERFORMANCE.GOV,http://performance.gov
PIC.GOV,http://pic.gov
PIF.GOV,http://pif.gov
PLAINLANGUAGE.GOV,http://plainlanguage.gov
PPMS.GOV,http://ppms.gov
PRESIDENTIALINNOVATIONFELLOWS.GOV,http://presidentialinnovationfellows.gov
PTT.GOV,http://ptt.gov
REALESTATESALES.GOV,http://realestatesales.gov
REALPROPERTYPROFILE.GOV,http://realpropertyprofile.gov
REGINFO.GOV,http://reginfo.gov
REGULATIONS.GOV,http://regulations.gov
REPORTING.GOV,http://reporting.gov
ROCIS.GOV,http://rocis.gov
RPA.GOV,http://rpa.gov
SAFERFEDERALWORKFORCE.GOV,http://saferfederalworkforce.gov
SAM.GOV,http://sam.gov
SBST.GOV,http://sbst.gov
SEARCH.GOV,http://search.gov
SECTION508.GOV,http://section508.gov
SFTOOL.GOV,http://sftool.gov
STATSPOLICY.GOV,http://statspolicy.gov
THENAMINGCOMMISSION.GOV,http://thenamingcommission.gov
US.GOV,http://us.gov
USA.GOV,http://usa.gov
USABILITY.GOV,http://usability.gov
USAGOV.GOV,http://usagov.gov
USSM.GOV,http://ussm.gov
VOTE.GOV,http://vote.gov
WDOL.GOV,http://wdol.gov
RESTORETHEGULF.GOV,http://restorethegulf.gov
TRUMAN.GOV,http://truman.gov
IMLS.GOV,http://imls.gov
INFORMATIONLITERACY.GOV,http://informationliteracy.gov
PCAH.GOV,http://pcah.gov
IAF.GOV,http://iaf.gov
JAMESMADISON.GOV,http://jamesmadison.gov
JUSFC.GOV,http://jusfc.gov
LSC.GOV,http://lsc.gov
MMC.GOV,http://mmc.gov
MSPB.GOV,http://mspb.gov
MCC.GOV,http://mcc.gov
ECR.GOV,http://ecr.gov
UDALL.GOV,http://udall.gov
GLOBE.GOV,http://globe.gov
NASA.GOV,http://nasa.gov
SCIJINKS.GOV,http://scijinks.gov
USGEO.GOV,http://usgeo.gov
9-11COMMISSION.GOV,http://9-11commission.gov
911COMMISSION.GOV,http://911commission.gov
ARCHIVES.GOV,http://archives.gov
BUSH41LIBRARY.GOV,http://bush41library.gov
CLINTONLIBRARY.GOV,http://clintonlibrary.gov
DD214.GOV,http://dd214.gov
EISENHOWERLIBRARY.GOV,http://eisenhowerlibrary.gov
EMERGENCY-FEDERAL-REGISTER.GOV,http://emergency-federal-register.gov
FCIC.GOV,http://fcic.gov
FORDLIBRARYMUSEUM.GOV,http://fordlibrarymuseum.gov
FRC.GOV,http://frc.gov
GEORGEWBUSHLIBRARY.GOV,http://georgewbushlibrary.gov
HISTORY.GOV,http://history.gov
JFKLIBRARY.GOV,http://jfklibrary.gov
JIMMYCARTERLIBRARY.GOV,http://jimmycarterlibrary.gov
LBJLIBRARY.GOV,http://lbjlibrary.gov
NARA.GOV,http://nara.gov
NIXONLIBRARY.GOV,http://nixonlibrary.gov
OBAMALIBRARY.GOV,http://obamalibrary.gov
OBAMAWHITEHOUSE.GOV,http://obamawhitehouse.gov
OURDOCUMENTS.GOV,http://ourdocuments.gov
REAGANLIBRARY.GOV,http://reaganlibrary.gov
RECORDSMANAGEMENT.GOV,http://recordsmanagement.gov
TRUMANLIBRARY.GOV,http://trumanlibrary.gov
TRUMPLIBRARY.GOV,http://trumplibrary.gov
TRUMPWHITEHOUSE.GOV,http://trumpwhitehouse.gov
WARTIMECONTRACTING.GOV,http://wartimecontracting.gov
WEBHARVEST.GOV,http://webharvest.gov
NCPC.GOV,http://ncpc.gov
NCD.GOV,http://ncd.gov
MYCREDITUNION.GOV,http://mycreditunion.gov
NCUA.GOV,http://ncua.gov
ARTS.GOV,http://arts.gov
NEA.GOV,http://nea.gov
NEH.GOV,http://neh.gov
NGA.GOV,http://nga.gov
NLRB.GOV,http://nlrb.gov
NMB.GOV,http://nmb.gov
ARCTIC.GOV,http://arctic.gov
NSF.GOV,http://nsf.gov
RESEARCH.GOV,http://research.gov
SAC.GOV,http://sac.gov
USAP.GOV,http://usap.gov
NSCAI.GOV,http://nscai.gov
NTSB.GOV,http://ntsb.gov
NITRD.GOV,http://nitrd.gov
NBRC.GOV,http://nbrc.gov
NRC-GATEWAY.GOV,http://nrc-gateway.gov
NRC.GOV,http://nrc.gov
OSHRC.GOV,http://oshrc.gov
INTEGRITY.GOV,http://integrity.gov
OGE.GOV,http://oge.gov
APPLICATIONMANAGER.GOV,http://applicationmanager.gov
CHCOC.GOV,http://chcoc.gov
CYBERCAREERS.GOV,http://cybercareers.gov
EMPLOYEEEXPRESS.GOV,http://employeeexpress.gov
FEB.GOV,http://feb.gov
FEDERALJOBS.GOV,http://federaljobs.gov
FEDJOBS.GOV,http://fedjobs.gov
FEDSHIREVETS.GOV,http://fedshirevets.gov
FEGLI.GOV,http://fegli.gov
GOLEARN.GOV,http://golearn.gov
GOVERNMENTJOBS.GOV,http://governmentjobs.gov
OPM.GOV,http://opm.gov
PMF.GOV,http://pmf.gov
TELEWORK.GOV,http://telework.gov
UNLOCKTALENT.GOV,http://unlocktalent.gov
USAJOBS.GOV,http://usajobs.gov
USALEARNING.GOV,http://usalearning.gov
USASTAFFING.GOV,http://usastaffing.gov
PBGC.GOV,http://pbgc.gov
PRC.GOV,http://prc.gov
PRESIDIO.GOV,http://presidio.gov
PRESIDIOTRUST.GOV,http://presidiotrust.gov
PRESIDIOTUNNELTOPS.GOV,http://presidiotunneltops.gov
PCLOB.GOV,http://pclob.gov
PBRB.GOV,http://pbrb.gov
INVESTOR.GOV,http://investor.gov
SEC.GOV,http://sec.gov
SSS.GOV,http://sss.gov
BUSINESS.GOV,http://business.gov
NWBC.GOV,http://nwbc.gov
SBA.GOV,http://sba.gov
SBIR.GOV,http://sbir.gov
ITIS.GOV,http://itis.gov
SMITHSONIAN.GOV,http://smithsonian.gov
SEGUROSOCIAL.GOV,http://segurosocial.gov
SOCIALSECURITY.GOV,http://socialsecurity.gov
SSA.GOV,http://ssa.gov
SSAB.GOV,http://ssab.gov
SCRC.GOV,http://scrc.gov
SBRC.GOV,http://sbrc.gov
SJI.GOV,http://sji.gov
STB.GOV,http://stb.gov
TVA.GOV,http://tva.gov
TVAOIG.GOV,http://tvaoig.gov
WORLDWAR1CENTENNIAL.GOV,http://worldwar1centennial.gov
CHILDRENINADVERSITY.GOV,http://childreninadversity.gov
DFAFACTS.GOV,http://dfafacts.gov
FEEDTHEFUTURE.GOV,http://feedthefuture.gov
FOREIGNASSISTANCE.GOV,http://foreignassistance.gov
NEGLECTEDDISEASES.GOV,http://neglecteddiseases.gov
PMI.GOV,http://pmi.gov
PROSPERAFRICA.GOV,http://prosperafrica.gov
USAID.GOV,http://usaid.gov
WORKWITHUSAID.GOV,http://workwithusaid.gov
HERITAGEABROAD.GOV,http://heritageabroad.gov
CFA.GOV,http://cfa.gov
CSSBMB.GOV,http://cssbmb.gov
USCCR.GOV,http://usccr.gov
USCIRF.GOV,http://uscirf.gov
22007APPLY.GOV,http://22007apply.gov
BIOPREFERRED.GOV,http://biopreferred.gov
BOSQUE.GOV,http://bosque.gov
CHOOSEMYPLATE.GOV,http://choosemyplate.gov
CONNECT.GOV,http://connect.gov
DIETARYGUIDELINES.GOV,http://dietaryguidelines.gov
EXECSEC.GOV,http://execsec.gov
FARMERFAIRNESS.GOV,http://farmerfairness.gov
FARMERS.GOV,http://farmers.gov
FORESTSANDRANGELANDS.GOV,http://forestsandrangelands.gov
INVASIVESPECIESINFO.GOV,http://invasivespeciesinfo.gov
ITAP.GOV,http://itap.gov
LCACOMMONS.GOV,http://lcacommons.gov
MYPLATE.GOV,http://myplate.gov
NAFRI.GOV,http://nafri.gov
NUTRITION.GOV,http://nutrition.gov
REC.GOV,http://rec.gov
RECREATION.GOV,http://recreation.gov
RURAL.GOV,http://rural.gov
USDA.GOV,http://usda.gov
NWTRB.GOV,http://nwtrb.gov
OSC.GOV,http://osc.gov
PEACECORPS.GOV,http://peacecorps.gov
PEACECORPSOIG.GOV,http://peacecorpsoig.gov
ABILITYONE.GOV,http://abilityone.gov
JWOD.GOV,http://jwod.gov
ACCESS-BOARD.GOV,http://access-board.gov
ADF.GOV,http://adf.gov
USADF.GOV,http://usadf.gov
BBG.GOV,http://bbg.gov
IBB.GOV,http://ibb.gov
OCB.GOV,http://ocb.gov
USAGM.GOV,http://usagm.gov
VOA.GOV,http://voa.gov
GLOBALCHANGE.GOV,http://globalchange.gov
USIP.GOV,http://usip.gov
ICH.GOV,http://ich.gov
USICH.GOV,http://usich.gov
DFC.GOV,http://dfc.gov
IDFC.GOV,http://idfc.gov
OPIC.GOV,http://opic.gov
USDFC.GOV,http://usdfc.gov
USIDFC.GOV,http://usidfc.gov
USITC.GOV,http://usitc.gov
USPIS.GOV,http://uspis.gov
USPSOIG.GOV,http://uspsoig.gov
USTDA.GOV,http://ustda.gov
DOMAINOPS.GOV,http://domainops.gov
OSDLS.GOV,http://osdls.gov
FD.GOV,http://fd.gov
SCUSPD.GOV,http://scuspd.gov
SUPREMECOURT.GOV,http://supremecourt.gov
FJC.GOV,http://fjc.gov
PACER.GOV,http://pacer.gov
USCOURTS.GOV,http://uscourts.gov
USTAXCOURT.GOV,http://ustaxcourt.gov
AOC.GOV,http://aoc.gov
CAPITAL.GOV,http://capital.gov
CAPITOL.GOV,http://capitol.gov
USBG.GOV,http://usbg.gov
USCAPITOLGIFTSHOP.GOV,http://uscapitolgiftshop.gov
VISITTHECAPITOL.GOV,http://visitthecapitol.gov
CBO.GOV,http://cbo.gov
CBONEWS.GOV,http://cbonews.gov
SOLARIUM.GOV,http://solarium.gov
FASAB.GOV,http://fasab.gov
GAO.GOV,http://gao.gov
GAOINNOVATION.GOV,http://gaoinnovation.gov
GAOINNOVATIONLAB.GOV,http://gaoinnovationlab.gov
GAOINNOVATIONS.GOV,http://gaoinnovations.gov
CONGRESSIONALDIRECTORY.GOV,http://congressionaldirectory.gov
CONGRESSIONALRECORD.GOV,http://congressionalrecord.gov
ECFR.GOV,http://ecfr.gov
FDLP.GOV,http://fdlp.gov
FDSYS.GOV,http://fdsys.gov
FEDERALREGISTER.GOV,http://federalregister.gov
GOVINFO.GOV,http://govinfo.gov
GPO.GOV,http://gpo.gov
GPODEV.GOV,http://gpodev.gov
HOUSECALENDAR.GOV,http://housecalendar.gov
OFR.GOV,http://ofr.gov
PRESIDENTIALDOCUMENTS.GOV,http://presidentialdocuments.gov
SENATECALENDAR.GOV,http://senatecalendar.gov
USCODE.GOV,http://uscode.gov
USGOVERNMENTMANUAL.GOV,http://usgovernmentmanual.gov
AFRICANAMERICANHISTORYMONTH.GOV,http://africanamericanhistorymonth.gov
AMERICANMEMORY.GOV,http://americanmemory.gov
AMERICASLIBRARY.GOV,http://americaslibrary.gov
ASIANPACIFICHERITAGE.GOV,http://asianpacificheritage.gov
BLACKHISTORYMONTH.GOV,http://blackhistorymonth.gov
CCB.GOV,http://ccb.gov
CONGRESS.GOV,http://congress.gov
COPYRIGHT.GOV,http://copyright.gov
COPYRIGHTCLAIMSBOARD.GOV,http://copyrightclaimsboard.gov
CRB.GOV,http://crb.gov
CURRENCYREADER.GOV,http://currencyreader.gov
CURRENCYREADERAPPLICATION.GOV,http://currencyreaderapplication.gov
DIGITALPRESERVATION.GOV,http://digitalpreservation.gov
DIGITIZATIONGUIDELINES.GOV,http://digitizationguidelines.gov
HISPANICHERITAGEMONTH.GOV,http://hispanicheritagemonth.gov
JEWISHHERITAGE.GOV,http://jewishheritage.gov
JEWISHHERITAGEMONTH.GOV,http://jewishheritagemonth.gov
LAW.GOV,http://law.gov
LIBRARYOFCONGRESS.GOV,http://libraryofcongress.gov
LITERACY.GOV,http://literacy.gov
LOC.GOV,http://loc.gov
LOCTPS.GOV,http://loctps.gov
NATIVEAMERICANHERITAGEMONTH.GOV,http://nativeamericanheritagemonth.gov
READ.GOV,http://read.gov
SECTION108.GOV,http://section108.gov
TPS.GOV,http://tps.gov
UNITEDSTATESCONGRESS.GOV,http://unitedstatescongress.gov
USCONGRESS.GOV,http://uscongress.gov
WOMENSHISTORYMONTH.GOV,http://womenshistorymonth.gov
MACPAC.GOV,http://macpac.gov
MEDPAC.GOV,http://medpac.gov
COMPLIANCE.GOV,http://compliance.gov
OCWR.GOV,http://ocwr.gov
COIL.GOV,http://coil.gov
OPENWORLD.GOV,http://openworld.gov
STENNIS.GOV,http://stennis.gov
ASSISTANTDEMOCRATICLEADER.GOV,http://assistantdemocraticleader.gov
CECC.GOV,http://cecc.gov
CSCE.GOV,http://csce.gov
DEMOCRATICLEADER.GOV,http://democraticleader.gov
DEMOCRATICWHIP.GOV,http://democraticwhip.gov
DEMS.GOV,http://dems.gov
GOP.GOV,http://gop.gov
GOPLEADER.GOV,http://gopleader.gov
GOPWHIP.GOV,http://gopwhip.gov
HOUSE.GOV,http://house.gov
HOUSECOMMUNICATIONS.GOV,http://housecommunications.gov
HOUSEDEMOCRATS.GOV,http://housedemocrats.gov
HOUSEDEMS.GOV,http://housedems.gov
JCT.GOV,http://jct.gov
MAJORITYLEADER.GOV,http://majorityleader.gov
MAJORITYWHIP.GOV,http://majoritywhip.gov
MINORITYWHIP.GOV,http://minoritywhip.gov
REPUBLICANLEADER.GOV,http://republicanleader.gov
REPUBLICANWHIP.GOV,http://republicanwhip.gov
SPEAKER.GOV,http://speaker.gov
AMERICA250.GOV,http://america250.gov
USA250.GOV,http://usa250.gov
USSEMIQUINCENTENNIAL.GOV,http://ussemiquincentennial.gov
USCC.GOV,http://uscc.gov
SEN.GOV,http://sen.gov
SENATE.GOV,http://senate.gov
WHDPC.GOV,http://whdpc.gov
